Mean;Min;Max
112.0201;65.59874;147.1952
113.3248;90.50348;124.9297
107.0789;85.22388;120.3486
