Mean;Min;Max
133.361;82.43684;147.7693
95.36114;46.32975;105.1481
76.44438;69.09941;80.31164
